,Product Name,prices,review,memory,Screen,Camera,Battery,Processor
0,"realme C33 2023 (Aqua Blue, 64 GB)","9,999",4.5,8 GB RAM | 128 GB ROM,17.02 cm (6.7 inch) Full HD+ Display,50MP + 8MP + 2MP | 16MP Front Camera,5000 mAh Lithium Ion Battery,Mediatek Dimensity 8100 Processor
1,"realme C33 2023 (Sandy Gold, 64 GB)","9,999",4.5,8 GB RAM | 128 GB ROM,17.02 cm (6.7 inch) Full HD+ Display,50MP + 8MP + 2MP | 16MP Front Camera,5000 mAh Lithium Ion Battery,Mediatek Dimensity 8100 Processor
2,"realme C33 2023 (Night Sea, 64 GB)","9,999",4.5,8 GB RAM | 128 GB ROM,17.02 cm (6.7 inch) Full HD+ Display,50MP + 8MP + 2MP | 16MP Front Camera,5000 mAh Lithium Ion Battery,Mediatek Dimensity 8100 Processor
3,"realme C33 (Aqua Blue, 32 GB)","8,999",4.4,8 GB RAM | 128 GB ROM,17.02 cm (6.7 inch) Full HD+ Display,50MP + 8MP + 2MP | 16MP Front Camera,5000 mAh Lithium Ion Battery,Mediatek Dimensity 8100 Processor
4,"realme C33 (Sandy Gold, 32 GB)","8,999",4.4,8 GB RAM | 128 GB ROM,17.02 cm (6.7 inch) Full HD+ Display,50MP + 8MP + 2MP | 16MP Front Camera,5000 mAh Lithium Ion Battery,Mediatek Dimensity 8100 Processor
5,"realme C55 (Sunshower, 64 GB)","10,999",4.4,8 GB RAM | 128 GB ROM,17.02 cm (6.7 inch) Full HD+ Display,50MP + 8MP + 2MP | 16MP Front Camera,5000 mAh Lithium Ion Battery,Mediatek Dimensity 8100 Processor
6,"realme C55 (Sunshower, 128 GB)","13,999",4.4,8 GB RAM | 128 GB ROM,17.02 cm (6.7 inch) Full HD+ Display,50MP + 8MP + 2MP | 16MP Front Camera,5000 mAh Lithium Ion Battery,Mediatek Dimensity 8100 Processor
7,"realme C55 (Sunshower, 64 GB)","11,999",4.4,8 GB RAM | 128 GB ROM,17.02 cm (6.7 inch) Full HD+ Display,50MP + 8MP + 2MP | 16MP Front Camera,5000 mAh Lithium Ion Battery,Mediatek Dimensity 8100 Processor
8,"realme C33 (Aqua Blue, 64 GB)","9,999",4.4,8 GB RAM | 128 GB ROM,17.02 cm (6.7 inch) Full HD+ Display,50MP + 8MP + 2MP | 16MP Front Camera,5000 mAh Lithium Ion Battery,Mediatek Dimensity 8100 Processor
9,"realme C33 (Night Sea, 64 GB)","9,999",4.4,8 GB RAM | 128 GB ROM,17.02 cm (6.7 inch) Full HD+ Display,50MP + 8MP + 2MP | 16MP Front Camera,5000 mAh Lithium Ion Battery,Mediatek Dimensity 8100 Processor
10,"realme C33 (Sandy Gold, 64 GB)","9,999",4.4,8 GB RAM | 128 GB ROM,17.02 cm (6.7 inch) Full HD+ Display,50MP + 8MP + 2MP | 16MP Front Camera,5000 mAh Lithium Ion Battery,Mediatek Dimensity 8100 Processor
11,"realme C33 (Night Sea, 32 GB)","8,999",4.4,8 GB RAM | 128 GB ROM,17.02 cm (6.7 inch) Full HD+ Display,50MP + 8MP + 2MP | 16MP Front Camera,5000 mAh Lithium Ion Battery,Mediatek Dimensity 8100 Processor
12,"realme C55 (Rainy Night, 64 GB)","10,999",4.4,8 GB RAM | 128 GB ROM,17.02 cm (6.7 inch) Full HD+ Display,50MP + 8MP + 2MP | 16MP Front Camera,5000 mAh Lithium Ion Battery,Mediatek Dimensity 8100 Processor
13,"realme C55 (Rainy Night, 128 GB)","13,999",4.4,8 GB RAM | 128 GB ROM,17.02 cm (6.7 inch) Full HD+ Display,50MP + 8MP + 2MP | 16MP Front Camera,5000 mAh Lithium Ion Battery,Mediatek Dimensity 8100 Processor
14,"realme C55 (Rainy Night, 64 GB)","11,999",4.4,8 GB RAM | 128 GB ROM,17.02 cm (6.7 inch) Full HD+ Display,50MP + 8MP + 2MP | 16MP Front Camera,5000 mAh Lithium Ion Battery,Mediatek Dimensity 8100 Processor
15,"realme C30 (Denim Black, 32 GB)","5,999",4.2,8 GB RAM | 128 GB ROM,17.02 cm (6.7 inch) Full HD+ Display,50MP + 8MP + 2MP | 16MP Front Camera,5000 mAh Lithium Ion Battery,Mediatek Dimensity 8100 Processor
16,"realme C30 (Bamboo Green, 32 GB)","5,999",4.2,8 GB RAM | 128 GB ROM,17.02 cm (6.7 inch) Full HD+ Display,50MP + 8MP + 2MP | 16MP Front Camera,5000 mAh Lithium Ion Battery,Mediatek Dimensity 8100 Processor
17,"realme C30 (Bamboo Green, 32 GB)","6,499",4.1,8 GB RAM | 128 GB ROM,17.02 cm (6.7 inch) Full HD+ Display,50MP + 8MP + 2MP | 16MP Front Camera,5000 mAh Lithium Ion Battery,Mediatek Dimensity 8100 Processor
18,"realme C30 (Lake Blue, 32 GB)","6,499",4.1,8 GB RAM | 128 GB ROM,17.02 cm (6.7 inch) Full HD+ Display,50MP + 8MP + 2MP | 16MP Front Camera,5000 mAh Lithium Ion Battery,Mediatek Dimensity 8100 Processor
19,"realme C30 (Denim Black, 32 GB)","6,499",4.1,8 GB RAM | 128 GB ROM,17.02 cm (6.7 inch) Full HD+ Display,50MP + 8MP + 2MP | 16MP Front Camera,5000 mAh Lithium Ion Battery,Mediatek Dimensity 8100 Processor
20,"realme C33 2023 (Sandy Gold, 128 GB)","10,499",4.5,8 GB RAM | 128 GB ROM,17.02 cm (6.7 inch) Full HD+ Display,50MP + 8MP + 2MP | 16MP Front Camera,5000 mAh Lithium Ion Battery,Mediatek Dimensity 8100 Processor
21,"realme C33 2023 (Night Sea, 128 GB)","10,499",4.5,8 GB RAM | 128 GB ROM,17.02 cm (6.7 inch) Full HD+ Display,50MP + 8MP + 2MP | 16MP Front Camera,5000 mAh Lithium Ion Battery,Mediatek Dimensity 8100 Processor
22,"realme C33 2023 (Aqua Blue, 128 GB)","10,499",4.5,8 GB RAM | 128 GB ROM,17.02 cm (6.7 inch) Full HD+ Display,50MP + 8MP + 2MP | 16MP Front Camera,5000 mAh Lithium Ion Battery,Mediatek Dimensity 8100 Processor
23,"realme C55 (Rainforest, 64 GB)","11,999",4.4,8 GB RAM | 128 GB ROM,17.02 cm (6.7 inch) Full HD+ Display,50MP + 8MP + 2MP | 16MP Front Camera,5000 mAh Lithium Ion Battery,Mediatek Dimensity 8100 Processor
24,"realme C55 (Rainforest, 128 GB)","13,999",4.4,8 GB RAM | 128 GB ROM,17.02 cm (6.7 inch) Full HD+ Display,50MP + 8MP + 2MP | 16MP Front Camera,5000 mAh Lithium Ion Battery,Mediatek Dimensity 8100 Processor
25,"realme C55 (Rainforest, 64 GB)","10,999",4.4,8 GB RAM | 128 GB ROM,17.02 cm (6.7 inch) Full HD+ Display,50MP + 8MP + 2MP | 16MP Front Camera,5000 mAh Lithium Ion Battery,Mediatek Dimensity 8100 Processor
26,"realme 10 Pro 5G (Nebula Blue, 128 GB)","18,999",4.4,8 GB RAM | 128 GB ROM,17.02 cm (6.7 inch) Full HD+ Display,50MP + 8MP + 2MP | 16MP Front Camera,5000 mAh Lithium Ion Battery,Mediatek Dimensity 8100 Processor
27,"realme 10 Pro 5G (Nebula Blue, 128 GB)","19,999",4.4,8 GB RAM | 128 GB ROM,17.02 cm (6.7 inch) Full HD+ Display,50MP + 8MP + 2MP | 16MP Front Camera,5000 mAh Lithium Ion Battery,Mediatek Dimensity 8100 Processor
28,"realme 8 (Punk Black, 128 GB)","12,999",4.4,8 GB RAM | 128 GB ROM,17.02 cm (6.7 inch) Full HD+ Display,50MP + 8MP + 2MP | 16MP Front Camera,5000 mAh Lithium Ion Battery,Mediatek Dimensity 8100 Processor
29,"realme 10 Pro 5G (Dark Matter, 128 GB)","19,999",4.4,8 GB RAM | 128 GB ROM,17.02 cm (6.7 inch) Full HD+ Display,50MP + 8MP + 2MP | 16MP Front Camera,5000 mAh Lithium Ion Battery,Mediatek Dimensity 8100 Processor
30,"realme 10 Pro 5G (Hyperspace, 128 GB)","19,999",4.4,8 GB RAM | 128 GB ROM,17.02 cm (6.7 inch) Full HD+ Display,50MP + 8MP + 2MP | 16MP Front Camera,5000 mAh Lithium Ion Battery,Mediatek Dimensity 8100 Processor
31,"realme 10 Pro 5G (Hyperspace, 128 GB)","18,999",4.4,8 GB RAM | 128 GB ROM,17.02 cm (6.7 inch) Full HD+ Display,50MP + 8MP + 2MP | 16MP Front Camera,5000 mAh Lithium Ion Battery,Mediatek Dimensity 8100 Processor
32,"realme 10 Pro 5G (Dark Matter, 128 GB)","18,999",4.4,8 GB RAM | 128 GB ROM,17.02 cm (6.7 inch) Full HD+ Display,50MP + 8MP + 2MP | 16MP Front Camera,5000 mAh Lithium Ion Battery,Mediatek Dimensity 8100 Processor
33,"realme 10 (Clash White, 128 GB)","16,999",4.3,8 GB RAM | 128 GB ROM,17.02 cm (6.7 inch) Full HD+ Display,50MP + 8MP + 2MP | 16MP Front Camera,5000 mAh Lithium Ion Battery,Mediatek Dimensity 8100 Processor
34,"realme 10 (Rush Black, 64 GB)","13,999",4.3,8 GB RAM | 128 GB ROM,17.02 cm (6.7 inch) Full HD+ Display,50MP + 8MP + 2MP | 16MP Front Camera,5000 mAh Lithium Ion Battery,Mediatek Dimensity 8100 Processor
35,"Realme C30 - Locked with Airtel Prepaid (Denim Black, 32 GB)","5,549",4.2,8 GB RAM | 128 GB ROM,17.02 cm (6.7 inch) Full HD+ Display,50MP + 8MP + 2MP | 16MP Front Camera,5000 mAh Lithium Ion Battery,Mediatek Dimensity 8100 Processor
36,"realme 10 (Clash White, 64 GB)","13,999",4.3,8 GB RAM | 128 GB ROM,17.02 cm (6.7 inch) Full HD+ Display,50MP + 8MP + 2MP | 16MP Front Camera,5000 mAh Lithium Ion Battery,Mediatek Dimensity 8100 Processor
37,"realme 8 (Cyber Black, 128 GB)","14,999",4.4,8 GB RAM | 128 GB ROM,17.02 cm (6.7 inch) Full HD+ Display,50MP + 8MP + 2MP | 16MP Front Camera,5000 mAh Lithium Ion Battery,Mediatek Dimensity 8100 Processor
38,"realme Narzo 50 (Speed Blue, 128 GB)","12,999",4.3,8 GB RAM | 128 GB ROM,17.02 cm (6.7 inch) Full HD+ Display,50MP + 8MP + 2MP | 16MP Front Camera,5000 mAh Lithium Ion Battery,Mediatek Dimensity 8100 Processor
39,"realme C20 (Cool Grey, 32 GB)","7,499",4.4,8 GB RAM | 128 GB ROM,17.02 cm (6.7 inch) Full HD+ Display,50MP + 8MP + 2MP | 16MP Front Camera,5000 mAh Lithium Ion Battery,Mediatek Dimensity 8100 Processor
40,"realme Narzo 50 (Speed Black, 128 GB)","12,999",4.3,8 GB RAM | 128 GB ROM,17.02 cm (6.7 inch) Full HD+ Display,50MP + 8MP + 2MP | 16MP Front Camera,5000 mAh Lithium Ion Battery,Mediatek Dimensity 8100 Processor
41,"realme C20 (Cool Blue, 32 GB)","7,499",4.4,8 GB RAM | 128 GB ROM,17.02 cm (6.7 inch) Full HD+ Display,50MP + 8MP + 2MP | 16MP Front Camera,5000 mAh Lithium Ion Battery,Mediatek Dimensity 8100 Processor
42,"realme 10 Pro+ 5G (Nebula Blue, 128 GB)","25,999",4.5,8 GB RAM | 128 GB ROM,17.02 cm (6.7 inch) Full HD+ Display,50MP + 8MP + 2MP | 16MP Front Camera,5000 mAh Lithium Ion Battery,Mediatek Dimensity 8100 Processor
43,"realme 10 (Rush Black, 128 GB)","16,999",4.3,8 GB RAM | 128 GB ROM,17.02 cm (6.7 inch) Full HD+ Display,50MP + 8MP + 2MP | 16MP Front Camera,5000 mAh Lithium Ion Battery,Mediatek Dimensity 8100 Processor
44,"realme 10 Pro+ 5G (Nebula Blue, 256 GB)","27,999",4.5,8 GB RAM | 128 GB ROM,17.02 cm (6.7 inch) Full HD+ Display,50MP + 8MP + 2MP | 16MP Front Camera,5000 mAh Lithium Ion Battery,Mediatek Dimensity 8100 Processor
45,"realme 10 Pro+ 5G (Hyperspace, 128 GB)","25,999",4.5,8 GB RAM | 128 GB ROM,17.02 cm (6.7 inch) Full HD+ Display,50MP + 8MP + 2MP | 16MP Front Camera,5000 mAh Lithium Ion Battery,Mediatek Dimensity 8100 Processor
46,"realme 10 Pro+ 5G (Dark Matter, 128 GB)","24,999",4.4,8 GB RAM | 128 GB ROM,17.02 cm (6.7 inch) Full HD+ Display,50MP + 8MP + 2MP | 16MP Front Camera,5000 mAh Lithium Ion Battery,Mediatek Dimensity 8100 Processor
47,"realme 10 Pro+ 5G (Dark Matter, 128 GB)","25,999",4.5,8 GB RAM | 128 GB ROM,17.02 cm (6.7 inch) Full HD+ Display,50MP + 8MP + 2MP | 16MP Front Camera,5000 mAh Lithium Ion Battery,Mediatek Dimensity 8100 Processor
48,"Realme C30 - Locked with Airtel Prepaid (Bamboo Green, 32 GB)","5,549",4.2,8 GB RAM | 128 GB ROM,17.02 cm (6.7 inch) Full HD+ Display,50MP + 8MP + 2MP | 16MP Front Camera,5000 mAh Lithium Ion Battery,Mediatek Dimensity 8100 Processor
49,"realme 10 Pro+ 5G (Hyperspace, 128 GB)","24,999",4.4,8 GB RAM | 128 GB ROM,17.02 cm (6.7 inch) Full HD+ Display,50MP + 8MP + 2MP | 16MP Front Camera,5000 mAh Lithium Ion Battery,Mediatek Dimensity 8100 Processor
50,"realme C21 (Cross Blue, 64 GB)","10,499",4.4,8 GB RAM | 128 GB ROM,17.02 cm (6.7 inch) Full HD+ Display,50MP + 8MP + 2MP | 16MP Front Camera,5000 mAh Lithium Ion Battery,Mediatek Dimensity 8100 Processor
51,"realme 9i 5G (Soulful Blue, 128 GB)","16,999",4.3,8 GB RAM | 128 GB ROM,17.02 cm (6.7 inch) Full HD+ Display,50MP + 8MP + 2MP | 16MP Front Camera,5000 mAh Lithium Ion Battery,Mediatek Dimensity 8100 Processor
52,"realme C21 (Cross Black, 64 GB)","10,499",4.4,8 GB RAM | 128 GB ROM,17.02 cm (6.7 inch) Full HD+ Display,50MP + 8MP + 2MP | 16MP Front Camera,5000 mAh Lithium Ion Battery,Mediatek Dimensity 8100 Processor
53,"realme C21 (Cross Blue, 32 GB)","9,499",4.4,8 GB RAM | 128 GB ROM,17.02 cm (6.7 inch) Full HD+ Display,50MP + 8MP + 2MP | 16MP Front Camera,5000 mAh Lithium Ion Battery,Mediatek Dimensity 8100 Processor
54,"realme C21 (Cross Black, 32 GB)","9,499",4.4,8 GB RAM | 128 GB ROM,17.02 cm (6.7 inch) Full HD+ Display,50MP + 8MP + 2MP | 16MP Front Camera,5000 mAh Lithium Ion Battery,Mediatek Dimensity 8100 Processor
55,"realme 9i 5G (Rocking Black, 128 GB)","16,999",4.3,8 GB RAM | 128 GB ROM,17.02 cm (6.7 inch) Full HD+ Display,50MP + 8MP + 2MP | 16MP Front Camera,5000 mAh Lithium Ion Battery,Mediatek Dimensity 8100 Processor
56,"realme 9i 5G (Soulful Blue, 64 GB)","14,999",4.5,8 GB RAM | 128 GB ROM,17.02 cm (6.7 inch) Full HD+ Display,50MP + 8MP + 2MP | 16MP Front Camera,5000 mAh Lithium Ion Battery,Mediatek Dimensity 8100 Processor
57,"realme 9i 5G (Rocking Black, 64 GB)","14,999",4.5,8 GB RAM | 128 GB ROM,17.02 cm (6.7 inch) Full HD+ Display,50MP + 8MP + 2MP | 16MP Front Camera,5000 mAh Lithium Ion Battery,Mediatek Dimensity 8100 Processor
58,"realme C30s (Stripe Black, 32 GB)","6,999",4.4,8 GB RAM | 128 GB ROM,17.02 cm (6.7 inch) Full HD+ Display,50MP + 8MP + 2MP | 16MP Front Camera,5000 mAh Lithium Ion Battery,Mediatek Dimensity 8100 Processor
59,"realme C30s (Stripe Blue, 32 GB)","6,999",4.4,8 GB RAM | 128 GB ROM,17.02 cm (6.7 inch) Full HD+ Display,50MP + 8MP + 2MP | 16MP Front Camera,5000 mAh Lithium Ion Battery,Mediatek Dimensity 8100 Processor
60,"realme 9i 5G (Metallica Gold, 64 GB)","14,999",4.5,8 GB RAM | 128 GB ROM,17.02 cm (6.7 inch) Full HD+ Display,50MP + 8MP + 2MP | 16MP Front Camera,5000 mAh Lithium Ion Battery,Mediatek Dimensity 8100 Processor
61,"realme 9i 5G (Metallica Gold, 128 GB)","16,999",4.3,8 GB RAM | 128 GB ROM,17.02 cm (6.7 inch) Full HD+ Display,50MP + 8MP + 2MP | 16MP Front Camera,5000 mAh Lithium Ion Battery,Mediatek Dimensity 8100 Processor
62,"realme C25s (Watery Blue, 64 GB)","10,990",4.4,8 GB RAM | 128 GB ROM,17.02 cm (6.7 inch) Full HD+ Display,50MP + 8MP + 2MP | 16MP Front Camera,5000 mAh Lithium Ion Battery,Mediatek Dimensity 8100 Processor
63,"realme C30s (Stripe Black, 64 GB)","8,499",4.2,8 GB RAM | 128 GB ROM,17.02 cm (6.7 inch) Full HD+ Display,50MP + 8MP + 2MP | 16MP Front Camera,5000 mAh Lithium Ion Battery,Mediatek Dimensity 8100 Processor
64,"realme C11 2021 (Cool Blue, 64 GB)","8,999",4.3,8 GB RAM | 128 GB ROM,17.02 cm (6.7 inch) Full HD+ Display,50MP + 8MP + 2MP | 16MP Front Camera,5000 mAh Lithium Ion Battery,Mediatek Dimensity 8100 Processor
65,"realme C25s (Watery Grey, 128 GB)","11,999",4.4,8 GB RAM | 128 GB ROM,17.02 cm (6.7 inch) Full HD+ Display,50MP + 8MP + 2MP | 16MP Front Camera,5000 mAh Lithium Ion Battery,Mediatek Dimensity 8100 Processor
66,"realme C11 2021 (Cool Grey, 32 GB)","7,499",4.4,8 GB RAM | 128 GB ROM,17.02 cm (6.7 inch) Full HD+ Display,50MP + 8MP + 2MP | 16MP Front Camera,5000 mAh Lithium Ion Battery,Mediatek Dimensity 8100 Processor
67,"realme C35 (Glowing Black, 64 GB)","10,999",4.4,8 GB RAM | 128 GB ROM,17.02 cm (6.7 inch) Full HD+ Display,50MP + 8MP + 2MP | 16MP Front Camera,5000 mAh Lithium Ion Battery,Mediatek Dimensity 8100 Processor
68,"realme C11 2021 (Cool Blue, 32 GB)","7,499",4.4,8 GB RAM | 128 GB ROM,17.02 cm (6.7 inch) Full HD+ Display,50MP + 8MP + 2MP | 16MP Front Camera,5000 mAh Lithium Ion Battery,Mediatek Dimensity 8100 Processor
69,"realme C11 2021 (Cool Grey, 64 GB)","8,999",4.3,8 GB RAM | 128 GB ROM,17.02 cm (6.7 inch) Full HD+ Display,50MP + 8MP + 2MP | 16MP Front Camera,5000 mAh Lithium Ion Battery,Mediatek Dimensity 8100 Processor
70,"realme C35 (Glowing Black, 128 GB)","11,999",4.4,8 GB RAM | 128 GB ROM,17.02 cm (6.7 inch) Full HD+ Display,50MP + 8MP + 2MP | 16MP Front Camera,5000 mAh Lithium Ion Battery,Mediatek Dimensity 8100 Processor
71,"realme C25s (Watery Blue, 128 GB)","10,989",4.4,8 GB RAM | 128 GB ROM,17.02 cm (6.7 inch) Full HD+ Display,50MP + 8MP + 2MP | 16MP Front Camera,5000 mAh Lithium Ion Battery,Mediatek Dimensity 8100 Processor
72,"realme Narzo N55 (Prime Blue, 128 GB)","14,388",4.2,8 GB RAM | 128 GB ROM,17.02 cm (6.7 inch) Full HD+ Display,50MP + 8MP + 2MP | 16MP Front Camera,5000 mAh Lithium Ion Battery,Mediatek Dimensity 8100 Processor
73,"realme Narzo 50i (Carbon Black, 64 GB)","9,080",4.3,8 GB RAM | 128 GB ROM,17.02 cm (6.7 inch) Full HD+ Display,50MP + 8MP + 2MP | 16MP Front Camera,5000 mAh Lithium Ion Battery,Mediatek Dimensity 8100 Processor
74,"realme Narzo 50i (Mint Green, 32 GB)","7,499",4.5,8 GB RAM | 128 GB ROM,17.02 cm (6.7 inch) Full HD+ Display,50MP + 8MP + 2MP | 16MP Front Camera,5000 mAh Lithium Ion Battery,Mediatek Dimensity 8100 Processor
75,"realme Narzo 50i (Carbon Black, 32 GB)","7,499",4.5,8 GB RAM | 128 GB ROM,17.02 cm (6.7 inch) Full HD+ Display,50MP + 8MP + 2MP | 16MP Front Camera,5000 mAh Lithium Ion Battery,Mediatek Dimensity 8100 Processor
76,"realme narzo 50i Prime (Mint Green, 32 GB)","7,758",4.3,8 GB RAM | 128 GB ROM,17.02 cm (6.7 inch) Full HD+ Display,50MP + 8MP + 2MP | 16MP Front Camera,5000 mAh Lithium Ion Battery,Mediatek Dimensity 8100 Processor
77,"realme Narzo 50i Prime (Dark Blue, 64 GB)","8,768",4.1,8 GB RAM | 128 GB ROM,17.02 cm (6.7 inch) Full HD+ Display,50MP + 8MP + 2MP | 16MP Front Camera,5000 mAh Lithium Ion Battery,Mediatek Dimensity 8100 Processor
78,"realme Narzo 50i Prime (Dark Blue, 32 GB)","7,698",4.3,8 GB RAM | 128 GB ROM,17.02 cm (6.7 inch) Full HD+ Display,50MP + 8MP + 2MP | 16MP Front Camera,5000 mAh Lithium Ion Battery,Mediatek Dimensity 8100 Processor
79,"realme 9 Pro+ 5G (Midnight Black, 256 GB)","24,999",4.4,8 GB RAM | 128 GB ROM,17.02 cm (6.7 inch) Full HD+ Display,50MP + 8MP + 2MP | 16MP Front Camera,5000 mAh Lithium Ion Battery,Mediatek Dimensity 8100 Processor
80,"realme 9 Pro+ 5G (Midnight Black, 128 GB)","22,999",4.4,8 GB RAM | 128 GB ROM,17.02 cm (6.7 inch) Full HD+ Display,50MP + 8MP + 2MP | 16MP Front Camera,5000 mAh Lithium Ion Battery,Mediatek Dimensity 8100 Processor
81,"realme 9 5G (Supersonic Black, 64 GB)","15,999",4.5,8 GB RAM | 128 GB ROM,17.02 cm (6.7 inch) Full HD+ Display,50MP + 8MP + 2MP | 16MP Front Camera,5000 mAh Lithium Ion Battery,Mediatek Dimensity 8100 Processor
82,"realme 9 5G (Stargaze White, 128 GB)","17,499",4.4,8 GB RAM | 128 GB ROM,17.02 cm (6.7 inch) Full HD+ Display,50MP + 8MP + 2MP | 16MP Front Camera,5000 mAh Lithium Ion Battery,Mediatek Dimensity 8100 Processor
83,"realme 9 5G (Stargaze White, 64 GB)","15,999",4.5,8 GB RAM | 128 GB ROM,17.02 cm (6.7 inch) Full HD+ Display,50MP + 8MP + 2MP | 16MP Front Camera,5000 mAh Lithium Ion Battery,Mediatek Dimensity 8100 Processor
84,"realme 9 5G (Meteor Black, 64 GB)","15,999",4.5,8 GB RAM | 128 GB ROM,17.02 cm (6.7 inch) Full HD+ Display,50MP + 8MP + 2MP | 16MP Front Camera,5000 mAh Lithium Ion Battery,Mediatek Dimensity 8100 Processor
85,"realme 9 5G SE (Starry Glow, 128 GB)","22,999",4.4,8 GB RAM | 128 GB ROM,17.02 cm (6.7 inch) Full HD+ Display,50MP + 8MP + 2MP | 16MP Front Camera,5000 mAh Lithium Ion Battery,Mediatek Dimensity 8100 Processor
86,"realme Narzo 50i (Mint Green, 64 GB)","8,818",4.3,8 GB RAM | 128 GB ROM,17.02 cm (6.7 inch) Full HD+ Display,50MP + 8MP + 2MP | 16MP Front Camera,5000 mAh Lithium Ion Battery,Mediatek Dimensity 8100 Processor
87,"realme Narzo N55 (Prime Black, 128 GB)","14,890",4.2,8 GB RAM | 128 GB ROM,17.02 cm (6.7 inch) Full HD+ Display,50MP + 8MP + 2MP | 16MP Front Camera,5000 mAh Lithium Ion Battery,Mediatek Dimensity 8100 Processor
88,"realme 9 5G SE (Azure Glow, 128 GB)","19,999",4.4,8 GB RAM | 128 GB ROM,17.02 cm (6.7 inch) Full HD+ Display,50MP + 8MP + 2MP | 16MP Front Camera,5000 mAh Lithium Ion Battery,Mediatek Dimensity 8100 Processor
89,"realme Narzo 50 Pro 5G (Hyper Black, 128 GB)","19,925",4.2,8 GB RAM | 128 GB ROM,17.02 cm (6.7 inch) Full HD+ Display,50MP + 8MP + 2MP | 16MP Front Camera,5000 mAh Lithium Ion Battery,Mediatek Dimensity 8100 Processor
90,"realme 9 Pro+ 5G (Sunrise Blue, 256 GB)","24,999",4.4,8 GB RAM | 128 GB ROM,17.02 cm (6.7 inch) Full HD+ Display,50MP + 8MP + 2MP | 16MP Front Camera,5000 mAh Lithium Ion Battery,Mediatek Dimensity 8100 Processor
91,"realme 9 5G SE (Azure Glow, 128 GB)","22,999",4.4,8 GB RAM | 128 GB ROM,17.02 cm (6.7 inch) Full HD+ Display,50MP + 8MP + 2MP | 16MP Front Camera,5000 mAh Lithium Ion Battery,Mediatek Dimensity 8100 Processor
92,"Realme C30 - Locked with Airtel Prepaid (Lake Blue, 32 GB)","6,049",4.1,8 GB RAM | 128 GB ROM,17.02 cm (6.7 inch) Full HD+ Display,50MP + 8MP + 2MP | 16MP Front Camera,5000 mAh Lithium Ion Battery,Mediatek Dimensity 8100 Processor
93,"realme 9 Pro+ 5G (Aurora Green, 256 GB)","24,999",4.4,8 GB RAM | 128 GB ROM,17.02 cm (6.7 inch) Full HD+ Display,50MP + 8MP + 2MP | 16MP Front Camera,5000 mAh Lithium Ion Battery,Mediatek Dimensity 8100 Processor
94,"realme Narzo 50i Prime (Mint Green, 64 GB)","9,345",4.1,8 GB RAM | 128 GB ROM,17.02 cm (6.7 inch) Full HD+ Display,50MP + 8MP + 2MP | 16MP Front Camera,5000 mAh Lithium Ion Battery,Mediatek Dimensity 8100 Processor
95,"realme Narzo 50A Prime (Flash Black, 64 GB)","10,411",4.1,8 GB RAM | 128 GB ROM,17.02 cm (6.7 inch) Full HD+ Display,50MP + 8MP + 2MP | 16MP Front Camera,5000 mAh Lithium Ion Battery,Mediatek Dimensity 8100 Processor
96,"realme 9 5G SE (Azure Glow, 128 GB)","22,999",4.4,8 GB RAM | 128 GB ROM,17.02 cm (6.7 inch) Full HD+ Display,50MP + 8MP + 2MP | 16MP Front Camera,5000 mAh Lithium Ion Battery,Mediatek Dimensity 8100 Processor
97,"realme Narzo 50 Pro 5G (Hyper Blue, 128 GB)","20,880",4.3,8 GB RAM | 128 GB ROM,17.02 cm (6.7 inch) Full HD+ Display,50MP + 8MP + 2MP | 16MP Front Camera,5000 mAh Lithium Ion Battery,Mediatek Dimensity 8100 Processor
98,"realme Narzo 50i Prime (Mint Green, 64 GB)","9,345",4.1,8 GB RAM | 128 GB ROM,17.02 cm (6.7 inch) Full HD+ Display,50MP + 8MP + 2MP | 16MP Front Camera,5000 mAh Lithium Ion Battery,Mediatek Dimensity 8100 Processor
99,"realme GT 2 (Paper White, 128 GB)","34,999",4.3,8 GB RAM | 128 GB ROM,17.02 cm (6.7 inch) Full HD+ Display,50MP + 8MP + 2MP | 16MP Front Camera,5000 mAh Lithium Ion Battery,Mediatek Dimensity 8100 Processor
100,"realme GT 2 (Steel Black, 128 GB)","34,999",4.3,8 GB RAM | 128 GB ROM,17.02 cm (6.7 inch) Full HD+ Display,50MP + 8MP + 2MP | 16MP Front Camera,5000 mAh Lithium Ion Battery,Mediatek Dimensity 8100 Processor
101,"realme GT 2 (Paper Green, 128 GB)","34,999",4.3,8 GB RAM | 128 GB ROM,17.02 cm (6.7 inch) Full HD+ Display,50MP + 8MP + 2MP | 16MP Front Camera,5000 mAh Lithium Ion Battery,Mediatek Dimensity 8100 Processor
102,"Realme C30 - Locked with Airtel Prepaid (Denim Black, 32 GB)","6,049",4.1,8 GB RAM | 128 GB ROM,17.02 cm (6.7 inch) Full HD+ Display,50MP + 8MP + 2MP | 16MP Front Camera,5000 mAh Lithium Ion Battery,Mediatek Dimensity 8100 Processor
103,"realme Narzo 50 Pro 5G (Hyper Black, 128 GB)","21,789",4.3,8 GB RAM | 128 GB ROM,17.02 cm (6.7 inch) Full HD+ Display,50MP + 8MP + 2MP | 16MP Front Camera,5000 mAh Lithium Ion Battery,Mediatek Dimensity 8100 Processor
104,"realme C31 (Light Silver, 64 GB)","9,999",4.4,8 GB RAM | 128 GB ROM,17.02 cm (6.7 inch) Full HD+ Display,50MP + 8MP + 2MP | 16MP Front Camera,5000 mAh Lithium Ion Battery,Mediatek Dimensity 8100 Processor
105,"realme C31 (Light Silver, 32 GB)","9,299",4.5,8 GB RAM | 128 GB ROM,17.02 cm (6.7 inch) Full HD+ Display,50MP + 8MP + 2MP | 16MP Front Camera,5000 mAh Lithium Ion Battery,Mediatek Dimensity 8100 Processor
106,"realme narzo 50 5G (Hyper Blue, 128 GB)","17,999",4.3,8 GB RAM | 128 GB ROM,17.02 cm (6.7 inch) Full HD+ Display,50MP + 8MP + 2MP | 16MP Front Camera,5000 mAh Lithium Ion Battery,Mediatek Dimensity 8100 Processor
107,"realme C31 (Dark Green, 32 GB)","9,299",4.5,8 GB RAM | 128 GB ROM,17.02 cm (6.7 inch) Full HD+ Display,50MP + 8MP + 2MP | 16MP Front Camera,5000 mAh Lithium Ion Battery,Mediatek Dimensity 8100 Processor
108,"realme 9i (Prism Blue, 128 GB)","14,999",4.5,8 GB RAM | 128 GB ROM,17.02 cm (6.7 inch) Full HD+ Display,50MP + 8MP + 2MP | 16MP Front Camera,5000 mAh Lithium Ion Battery,Mediatek Dimensity 8100 Processor
109,"realme 9i (Prism Blue, 64 GB)","13,499",4.5,8 GB RAM | 128 GB ROM,17.02 cm (6.7 inch) Full HD+ Display,50MP + 8MP + 2MP | 16MP Front Camera,5000 mAh Lithium Ion Battery,Mediatek Dimensity 8100 Processor
110,"realme Narzo 50A Prime (Flash Blue, 128 GB)","11,999",4.1,8 GB RAM | 128 GB ROM,17.02 cm (6.7 inch) Full HD+ Display,50MP + 8MP + 2MP | 16MP Front Camera,5000 mAh Lithium Ion Battery,Mediatek Dimensity 8100 Processor
111,"realme GT Master Edition (Luna White, 256 GB)","29,999",4.3,8 GB RAM | 128 GB ROM,17.02 cm (6.7 inch) Full HD+ Display,50MP + 8MP + 2MP | 16MP Front Camera,5000 mAh Lithium Ion Battery,Mediatek Dimensity 8100 Processor
112,"realme 8i (Space Black, 64 GB)","13,999",4.5,8 GB RAM | 128 GB ROM,17.02 cm (6.7 inch) Full HD+ Display,50MP + 8MP + 2MP | 16MP Front Camera,5000 mAh Lithium Ion Battery,Mediatek Dimensity 8100 Processor
113,"realme 9i (Prism Black, 128 GB)","14,999",4.5,8 GB RAM | 128 GB ROM,17.02 cm (6.7 inch) Full HD+ Display,50MP + 8MP + 2MP | 16MP Front Camera,5000 mAh Lithium Ion Battery,Mediatek Dimensity 8100 Processor
114,"realme C31 (Dark Green, 64 GB)","9,999",4.4,8 GB RAM | 128 GB ROM,17.02 cm (6.7 inch) Full HD+ Display,50MP + 8MP + 2MP | 16MP Front Camera,5000 mAh Lithium Ion Battery,Mediatek Dimensity 8100 Processor
115,"realme Narzo 30 (Racing Silver, 128 GB)","15,499",4.3,8 GB RAM | 128 GB ROM,17.02 cm (6.7 inch) Full HD+ Display,50MP + 8MP + 2MP | 16MP Front Camera,5000 mAh Lithium Ion Battery,Mediatek Dimensity 8100 Processor
116,"realme Narzo 50 Pro 5G (Hyper Blue, 128 GB)","22,999",4.2,8 GB RAM | 128 GB ROM,17.02 cm (6.7 inch) Full HD+ Display,50MP + 8MP + 2MP | 16MP Front Camera,5000 mAh Lithium Ion Battery,Mediatek Dimensity 8100 Processor
117,"realme GT Master Edition (Daybreak Blue, 256 GB)","29,999",4.3,8 GB RAM | 128 GB ROM,17.02 cm (6.7 inch) Full HD+ Display,50MP + 8MP + 2MP | 16MP Front Camera,5000 mAh Lithium Ion Battery,Mediatek Dimensity 8100 Processor
118,"realme GT Neo 3T (Dash Yellow, 128 GB)","29,999",4.3,8 GB RAM | 128 GB ROM,17.02 cm (6.7 inch) Full HD+ Display,50MP + 8MP + 2MP | 16MP Front Camera,5000 mAh Lithium Ion Battery,Mediatek Dimensity 8100 Processor
119,"realme C25_Y (Metal Grey, 64 GB)","10,999",4.5,8 GB RAM | 128 GB ROM,17.02 cm (6.7 inch) Full HD+ Display,50MP + 8MP + 2MP | 16MP Front Camera,5000 mAh Lithium Ion Battery,Mediatek Dimensity 8100 Processor
120,"realme Narzo 50 Pro 5G (Hyper Blue, 128 GB)","22,999",4.2,8 GB RAM | 128 GB ROM,17.02 cm (6.7 inch) Full HD+ Display,50MP + 8MP + 2MP | 16MP Front Camera,5000 mAh Lithium Ion Battery,Mediatek Dimensity 8100 Processor
121,"realme GT Neo 3T (Dash Yellow, 256 GB)","33,999",4.3,8 GB RAM | 128 GB ROM,17.02 cm (6.7 inch) Full HD+ Display,50MP + 8MP + 2MP | 16MP Front Camera,5000 mAh Lithium Ion Battery,Mediatek Dimensity 8100 Processor
122,"realme GT Neo 3T (Drifting White, 128 GB)","29,999",4.3,8 GB RAM | 128 GB ROM,17.02 cm (6.7 inch) Full HD+ Display,50MP + 8MP + 2MP | 16MP Front Camera,5000 mAh Lithium Ion Battery,Mediatek Dimensity 8100 Processor
123,"realme GT Master Edition (Luna White, 256 GB)","29,999",4.3,8 GB RAM | 128 GB ROM,17.02 cm (6.7 inch) Full HD+ Display,50MP + 8MP + 2MP | 16MP Front Camera,5000 mAh Lithium Ion Battery,Mediatek Dimensity 8100 Processor
124,"realme C25_Y (Metal Grey, 64 GB)","10,999",4.5,8 GB RAM | 128 GB ROM,17.02 cm (6.7 inch) Full HD+ Display,50MP + 8MP + 2MP | 16MP Front Camera,5000 mAh Lithium Ion Battery,Mediatek Dimensity 8100 Processor
125,"realme GT Neo 3T (Drifting White, 128 GB)","31,999",4.3,8 GB RAM | 128 GB ROM,17.02 cm (6.7 inch) Full HD+ Display,50MP + 8MP + 2MP | 16MP Front Camera,5000 mAh Lithium Ion Battery,Mediatek Dimensity 8100 Processor
126,"realme GT Neo 3T (Shade Black, 256 GB)","33,999",4.3,8 GB RAM | 128 GB ROM,17.02 cm (6.7 inch) Full HD+ Display,50MP + 8MP + 2MP | 16MP Front Camera,5000 mAh Lithium Ion Battery,Mediatek Dimensity 8100 Processor
127,"realme GT Neo 3T (Dash Yellow, 128 GB)","31,999",4.3,8 GB RAM | 128 GB ROM,17.02 cm (6.7 inch) Full HD+ Display,50MP + 8MP + 2MP | 16MP Front Camera,5000 mAh Lithium Ion Battery,Mediatek Dimensity 8100 Processor
128,"realme 9 (Sunburst Gold, 128 GB)","16,999",4.4,8 GB RAM | 128 GB ROM,17.02 cm (6.7 inch) Full HD+ Display,50MP + 8MP + 2MP | 16MP Front Camera,5000 mAh Lithium Ion Battery,Mediatek Dimensity 8100 Processor
129,"realme Narzo 20 (Victory Blue, 128 GB)","13,499",4.3,8 GB RAM | 128 GB ROM,17.02 cm (6.7 inch) Full HD+ Display,50MP + 8MP + 2MP | 16MP Front Camera,5000 mAh Lithium Ion Battery,Mediatek Dimensity 8100 Processor
130,"realme C21Y (Cross Blue, 32 GB)","9,499",4.6,8 GB RAM | 128 GB ROM,17.02 cm (6.7 inch) Full HD+ Display,50MP + 8MP + 2MP | 16MP Front Camera,5000 mAh Lithium Ion Battery,Mediatek Dimensity 8100 Processor
131,"realme C21Y (Cross Black, 32 GB)","9,499",4.6,8 GB RAM | 128 GB ROM,17.02 cm (6.7 inch) Full HD+ Display,50MP + 8MP + 2MP | 16MP Front Camera,5000 mAh Lithium Ion Battery,Mediatek Dimensity 8100 Processor
132,"realme GT NEO 3 (150W) (Sprint White, 256 GB)","42,999",4.4,8 GB RAM | 128 GB ROM,17.02 cm (6.7 inch) Full HD+ Display,50MP + 8MP + 2MP | 16MP Front Camera,5000 mAh Lithium Ion Battery,Mediatek Dimensity 8100 Processor
133,"realme GT Master Edition (Voyager Grey, 256 GB)","29,999",4.3,8 GB RAM | 128 GB ROM,17.02 cm (6.7 inch) Full HD+ Display,50MP + 8MP + 2MP | 16MP Front Camera,5000 mAh Lithium Ion Battery,Mediatek Dimensity 8100 Processor
134,"realme C25_Y (Glacier Blue, 64 GB)","10,999",4.5,8 GB RAM | 128 GB ROM,17.02 cm (6.7 inch) Full HD+ Display,50MP + 8MP + 2MP | 16MP Front Camera,5000 mAh Lithium Ion Battery,Mediatek Dimensity 8100 Processor
135,"realme 9 (Meteor Black, 128 GB)","17,999",4.4,8 GB RAM | 128 GB ROM,17.02 cm (6.7 inch) Full HD+ Display,50MP + 8MP + 2MP | 16MP Front Camera,5000 mAh Lithium Ion Battery,Mediatek Dimensity 8100 Processor
136,"realme Narzo 50A Prime (Flash Blue, 64 GB)","13,499",4.1,8 GB RAM | 128 GB ROM,17.02 cm (6.7 inch) Full HD+ Display,50MP + 8MP + 2MP | 16MP Front Camera,5000 mAh Lithium Ion Battery,Mediatek Dimensity 8100 Processor
137,"realme C21Y (Cross Black, 64 GB)","10,499",4.5,8 GB RAM | 128 GB ROM,17.02 cm (6.7 inch) Full HD+ Display,50MP + 8MP + 2MP | 16MP Front Camera,5000 mAh Lithium Ion Battery,Mediatek Dimensity 8100 Processor
138,"realme 9 (Stargaze White, 128 GB)","17,999",4.4,8 GB RAM | 128 GB ROM,17.02 cm (6.7 inch) Full HD+ Display,50MP + 8MP + 2MP | 16MP Front Camera,5000 mAh Lithium Ion Battery,Mediatek Dimensity 8100 Processor
139,"realme 6 Pro (Lightning Orange, 64 GB)","17,999",4.4,8 GB RAM | 128 GB ROM,17.02 cm (6.7 inch) Full HD+ Display,50MP + 8MP + 2MP | 16MP Front Camera,5000 mAh Lithium Ion Battery,Mediatek Dimensity 8100 Processor
140,"realme Narzo N55 (Prime Black, 64 GB)","11,550",4.5,8 GB RAM | 128 GB ROM,17.02 cm (6.7 inch) Full HD+ Display,50MP + 8MP + 2MP | 16MP Front Camera,5000 mAh Lithium Ion Battery,Mediatek Dimensity 8100 Processor
141,"realme C25_Y (Glacier Blue, 128 GB)","11,999",4.5,8 GB RAM | 128 GB ROM,17.02 cm (6.7 inch) Full HD+ Display,50MP + 8MP + 2MP | 16MP Front Camera,5000 mAh Lithium Ion Battery,Mediatek Dimensity 8100 Processor
142,"realme Narzo 30 Pro 5G (Blade Silver, 128 GB)","19,999",4.3,8 GB RAM | 128 GB ROM,17.02 cm (6.7 inch) Full HD+ Display,50MP + 8MP + 2MP | 16MP Front Camera,5000 mAh Lithium Ion Battery,Mediatek Dimensity 8100 Processor
143,"realme Narzo 30 (Racing Blue, 64 GB)","14,999",4.4,8 GB RAM | 128 GB ROM,17.02 cm (6.7 inch) Full HD+ Display,50MP + 8MP + 2MP | 16MP Front Camera,5000 mAh Lithium Ion Battery,Mediatek Dimensity 8100 Processor
144,"realme 9 (Meteor Black, 128 GB)","16,999",4.4,8 GB RAM | 128 GB ROM,17.02 cm (6.7 inch) Full HD+ Display,50MP + 8MP + 2MP | 16MP Front Camera,5000 mAh Lithium Ion Battery,Mediatek Dimensity 8100 Processor
145,"realme Narzo 30 (Racing Blue, 128 GB)","17,999",4.3,8 GB RAM | 128 GB ROM,17.02 cm (6.7 inch) Full HD+ Display,50MP + 8MP + 2MP | 16MP Front Camera,5000 mAh Lithium Ion Battery,Mediatek Dimensity 8100 Processor
146,"realme Narzo 30 (Racing Silver, 64 GB)","13,999",4.4,8 GB RAM | 128 GB ROM,17.02 cm (6.7 inch) Full HD+ Display,50MP + 8MP + 2MP | 16MP Front Camera,5000 mAh Lithium Ion Battery,Mediatek Dimensity 8100 Processor
147,"realme Narzo 50A Prime (Flash Black, 64 GB)","11,448",4.1,8 GB RAM | 128 GB ROM,17.02 cm (6.7 inch) Full HD+ Display,50MP + 8MP + 2MP | 16MP Front Camera,5000 mAh Lithium Ion Battery,Mediatek Dimensity 8100 Processor
148,"realme Narzo N55 (Prime Blue, 64 GB)","11,630",4.5,8 GB RAM | 128 GB ROM,17.02 cm (6.7 inch) Full HD+ Display,50MP + 8MP + 2MP | 16MP Front Camera,5000 mAh Lithium Ion Battery,Mediatek Dimensity 8100 Processor
149,"realme C15 (Power Blue, 32 GB)","11,999",4.3,8 GB RAM | 128 GB ROM,17.02 cm (6.7 inch) Full HD+ Display,50MP + 8MP + 2MP | 16MP Front Camera,5000 mAh Lithium Ion Battery,Mediatek Dimensity 8100 Processor
150,"realme C21Y (Cross Blue, 64 GB)","10,499",4.5,8 GB RAM | 128 GB ROM,17.02 cm (6.7 inch) Full HD+ Display,50MP + 8MP + 2MP | 16MP Front Camera,5000 mAh Lithium Ion Battery,Mediatek Dimensity 8100 Processor
151,"realme Narzo 50A (Oxygen Green, 64 GB)","12,890",4.4,8 GB RAM | 128 GB ROM,17.02 cm (6.7 inch) Full HD+ Display,50MP + 8MP + 2MP | 16MP Front Camera,5000 mAh Lithium Ion Battery,Mediatek Dimensity 8100 Processor
152,"realme C25_Y (Metal Grey, 128 GB)","11,999",4.5,8 GB RAM | 128 GB ROM,17.02 cm (6.7 inch) Full HD+ Display,50MP + 8MP + 2MP | 16MP Front Camera,5000 mAh Lithium Ion Battery,Mediatek Dimensity 8100 Processor
153,"realme C25s (Watery Grey, 64 GB)","9,999",4.4,8 GB RAM | 128 GB ROM,17.02 cm (6.7 inch) Full HD+ Display,50MP + 8MP + 2MP | 16MP Front Camera,5000 mAh Lithium Ion Battery,Mediatek Dimensity 8100 Processor
154,"realme 3i (Diamond Red, 64 GB)","10,499",4.4,8 GB RAM | 128 GB ROM,17.02 cm (6.7 inch) Full HD+ Display,50MP + 8MP + 2MP | 16MP Front Camera,5000 mAh Lithium Ion Battery,Mediatek Dimensity 8100 Processor
155,"realme C12 (Power Silver, 32 GB)","10,999",4.4,8 GB RAM | 128 GB ROM,17.02 cm (6.7 inch) Full HD+ Display,50MP + 8MP + 2MP | 16MP Front Camera,5000 mAh Lithium Ion Battery,Mediatek Dimensity 8100 Processor
156,"realme X7 Pro 5G (Mystic Black, 128 GB)","29,999",4.3,8 GB RAM | 128 GB ROM,17.02 cm (6.7 inch) Full HD+ Display,50MP + 8MP + 2MP | 16MP Front Camera,5000 mAh Lithium Ion Battery,Mediatek Dimensity 8100 Processor
157,"realme Narzo 50A (Oxygen Blue, 64 GB)","12,890",4.4,8 GB RAM | 128 GB ROM,17.02 cm (6.7 inch) Full HD+ Display,50MP + 8MP + 2MP | 16MP Front Camera,5000 mAh Lithium Ion Battery,Mediatek Dimensity 8100 Processor
158,"realme Narzo 50A (Oxygen Green, 128 GB)","13,890",4.4,8 GB RAM | 128 GB ROM,17.02 cm (6.7 inch) Full HD+ Display,50MP + 8MP + 2MP | 16MP Front Camera,5000 mAh Lithium Ion Battery,Mediatek Dimensity 8100 Processor
159,"realme GT Neo 3 (Asphalt Black, 256 GB)","38,999",4.1,8 GB RAM | 128 GB ROM,17.02 cm (6.7 inch) Full HD+ Display,50MP + 8MP + 2MP | 16MP Front Camera,5000 mAh Lithium Ion Battery,Mediatek Dimensity 8100 Processor
160,"realme GT Neo 3 (Sprint White, 256 GB)","38,999",4.1,8 GB RAM | 128 GB ROM,17.02 cm (6.7 inch) Full HD+ Display,50MP + 8MP + 2MP | 16MP Front Camera,5000 mAh Lithium Ion Battery,Mediatek Dimensity 8100 Processor
161,"realme GT Neo 3 (Sprint White, 128 GB)","36,999",4.1,8 GB RAM | 128 GB ROM,17.02 cm (6.7 inch) Full HD+ Display,50MP + 8MP + 2MP | 16MP Front Camera,5000 mAh Lithium Ion Battery,Mediatek Dimensity 8100 Processor
162,"realme 3i (Diamond Blue, 32 GB)","8,499",4.4,8 GB RAM | 128 GB ROM,17.02 cm (6.7 inch) Full HD+ Display,50MP + 8MP + 2MP | 16MP Front Camera,5000 mAh Lithium Ion Battery,Mediatek Dimensity 8100 Processor
163,"realme 3i (Diamond Black, 32 GB)","8,499",4.4,8 GB RAM | 128 GB ROM,17.02 cm (6.7 inch) Full HD+ Display,50MP + 8MP + 2MP | 16MP Front Camera,5000 mAh Lithium Ion Battery,Mediatek Dimensity 8100 Processor
164,"realme 3i (Diamond Black, 64 GB)","10,499",4.4,8 GB RAM | 128 GB ROM,17.02 cm (6.7 inch) Full HD+ Display,50MP + 8MP + 2MP | 16MP Front Camera,5000 mAh Lithium Ion Battery,Mediatek Dimensity 8100 Processor
165,"realme 7 (Mist Blue, 64 GB)","17,999",4.4,8 GB RAM | 128 GB ROM,17.02 cm (6.7 inch) Full HD+ Display,50MP + 8MP + 2MP | 16MP Front Camera,5000 mAh Lithium Ion Battery,Mediatek Dimensity 8100 Processor
166,"realme C12 (Power Blue, 32 GB)","10,999",4.4,8 GB RAM | 128 GB ROM,17.02 cm (6.7 inch) Full HD+ Display,50MP + 8MP + 2MP | 16MP Front Camera,5000 mAh Lithium Ion Battery,Mediatek Dimensity 8100 Processor
167,"realme GT Neo 3 (Nitro Blue, 128 GB)","36,999",4.1,8 GB RAM | 128 GB ROM,17.02 cm (6.7 inch) Full HD+ Display,50MP + 8MP + 2MP | 16MP Front Camera,5000 mAh Lithium Ion Battery,Mediatek Dimensity 8100 Processor
168,"realme GT Neo 3 (Asphalt Black, 128 GB)","36,999",4.1,8 GB RAM | 128 GB ROM,17.02 cm (6.7 inch) Full HD+ Display,50MP + 8MP + 2MP | 16MP Front Camera,5000 mAh Lithium Ion Battery,Mediatek Dimensity 8100 Processor
169,"realme 7 (Mist Blue, 64 GB)","17,999",4.4,8 GB RAM | 128 GB ROM,17.02 cm (6.7 inch) Full HD+ Display,50MP + 8MP + 2MP | 16MP Front Camera,5000 mAh Lithium Ion Battery,Mediatek Dimensity 8100 Processor
170,"realme C25Y (Metal Grey, 64 GB)","10,990",4.4,8 GB RAM | 128 GB ROM,17.02 cm (6.7 inch) Full HD+ Display,50MP + 8MP + 2MP | 16MP Front Camera,5000 mAh Lithium Ion Battery,Mediatek Dimensity 8100 Processor
171,"realme X7 Pro 5G (Fantasy, 128 GB)","29,999",4.3,8 GB RAM | 128 GB ROM,17.02 cm (6.7 inch) Full HD+ Display,50MP + 8MP + 2MP | 16MP Front Camera,5000 mAh Lithium Ion Battery,Mediatek Dimensity 8100 Processor
172,"realme GT 2 Pro (Steel Black, 256 GB)","57,999",4.4,8 GB RAM | 128 GB ROM,17.02 cm (6.7 inch) Full HD+ Display,50MP + 8MP + 2MP | 16MP Front Camera,5000 mAh Lithium Ion Battery,Mediatek Dimensity 8100 Processor
173,"realme GT 2 Pro (Paper Green, 128 GB)","49,999",4.2,8 GB RAM | 128 GB ROM,17.02 cm (6.7 inch) Full HD+ Display,50MP + 8MP + 2MP | 16MP Front Camera,5000 mAh Lithium Ion Battery,Mediatek Dimensity 8100 Processor
174,"realme GT 2 Pro (Paper White, 128 GB)","49,999",4.2,8 GB RAM | 128 GB ROM,17.02 cm (6.7 inch) Full HD+ Display,50MP + 8MP + 2MP | 16MP Front Camera,5000 mAh Lithium Ion Battery,Mediatek Dimensity 8100 Processor
175,"realme 7 (Mist Blue, 128 GB)","20,999",4.3,8 GB RAM | 128 GB ROM,17.02 cm (6.7 inch) Full HD+ Display,50MP + 8MP + 2MP | 16MP Front Camera,5000 mAh Lithium Ion Battery,Mediatek Dimensity 8100 Processor
176,"realme Narzo 50 Pro 5G (Hyper Blue, 128 GB)","18,990",4.2,8 GB RAM | 128 GB ROM,17.02 cm (6.7 inch) Full HD+ Display,50MP + 8MP + 2MP | 16MP Front Camera,5000 mAh Lithium Ion Battery,Mediatek Dimensity 8100 Processor
177,"realme GT NEO 3 (150W) (Nitro Blue, 256 GB)","42,999",4.4,8 GB RAM | 128 GB ROM,17.02 cm (6.7 inch) Full HD+ Display,50MP + 8MP + 2MP | 16MP Front Camera,5000 mAh Lithium Ion Battery,Mediatek Dimensity 8100 Processor
178,"realme GT 2 Pro (Paper White, 256 GB)","57,999",4.4,8 GB RAM | 128 GB ROM,17.02 cm (6.7 inch) Full HD+ Display,50MP + 8MP + 2MP | 16MP Front Camera,5000 mAh Lithium Ion Battery,Mediatek Dimensity 8100 Processor
179,"realme C1 (Mirror Black, 32 GB)","8,999",4.4,8 GB RAM | 128 GB ROM,17.02 cm (6.7 inch) Full HD+ Display,50MP + 8MP + 2MP | 16MP Front Camera,5000 mAh Lithium Ion Battery,Mediatek Dimensity 8100 Processor
180,"realme C2 (Diamond Blue, 16 GB)","6,999",4.4,8 GB RAM | 128 GB ROM,17.02 cm (6.7 inch) Full HD+ Display,50MP + 8MP + 2MP | 16MP Front Camera,5000 mAh Lithium Ion Battery,Mediatek Dimensity 8100 Processor
181,"realme 7 Pro (Mirror Silver, 128 GB)","21,999",4.4,8 GB RAM | 128 GB ROM,17.02 cm (6.7 inch) Full HD+ Display,50MP + 8MP + 2MP | 16MP Front Camera,5000 mAh Lithium Ion Battery,Mediatek Dimensity 8100 Processor
182,"realme GT 2 Pro (Steel Black, 128 GB)","49,999",4.2,8 GB RAM | 128 GB ROM,17.02 cm (6.7 inch) Full HD+ Display,50MP + 8MP + 2MP | 16MP Front Camera,5000 mAh Lithium Ion Battery,Mediatek Dimensity 8100 Processor
183,"realme X50 Pro (Moss Green, 256 GB)","47,999",4.4,8 GB RAM | 128 GB ROM,17.02 cm (6.7 inch) Full HD+ Display,50MP + 8MP + 2MP | 16MP Front Camera,5000 mAh Lithium Ion Battery,Mediatek Dimensity 8100 Processor
184,"realme X3 SuperZoom (Glacier Blue, 256 GB)","34,999",4.2,8 GB RAM | 128 GB ROM,17.02 cm (6.7 inch) Full HD+ Display,50MP + 8MP + 2MP | 16MP Front Camera,5000 mAh Lithium Ion Battery,Mediatek Dimensity 8100 Processor
185,"realme GT NEO 2 (NEO Black, 256 GB)","35,999",4.4,8 GB RAM | 128 GB ROM,17.02 cm (6.7 inch) Full HD+ Display,50MP + 8MP + 2MP | 16MP Front Camera,5000 mAh Lithium Ion Battery,Mediatek Dimensity 8100 Processor
186,"realme GT Neo 3 (150W - Thor Limited Edition) (Nitro Blue, 256 GB)","42,999",4.3,8 GB RAM | 128 GB ROM,17.02 cm (6.7 inch) Full HD+ Display,50MP + 8MP + 2MP | 16MP Front Camera,5000 mAh Lithium Ion Battery,Mediatek Dimensity 8100 Processor
187,"realme GT Neo 3T (Shade Black, 128 GB)","31,999",4.3,8 GB RAM | 128 GB ROM,17.02 cm (6.7 inch) Full HD+ Display,50MP + 8MP + 2MP | 16MP Front Camera,5000 mAh Lithium Ion Battery,Mediatek Dimensity 8100 Processor
188,"realme X50 Pro (Rust Red, 128 GB)","41,999",4.4,8 GB RAM | 128 GB ROM,17.02 cm (6.7 inch) Full HD+ Display,50MP + 8MP + 2MP | 16MP Front Camera,5000 mAh Lithium Ion Battery,Mediatek Dimensity 8100 Processor
189,"realme X50 Pro (Moss Green, 128 GB)","41,999",4.4,8 GB RAM | 128 GB ROM,17.02 cm (6.7 inch) Full HD+ Display,50MP + 8MP + 2MP | 16MP Front Camera,5000 mAh Lithium Ion Battery,Mediatek Dimensity 8100 Processor
190,"realme X3 SuperZoom (Arctic White, 256 GB)","34,999",4.2,8 GB RAM | 128 GB ROM,17.02 cm (6.7 inch) Full HD+ Display,50MP + 8MP + 2MP | 16MP Front Camera,5000 mAh Lithium Ion Battery,Mediatek Dimensity 8100 Processor
191,"realme X3 SuperZoom (Glacier Blue, 256 GB)","31,999",4.3,8 GB RAM | 128 GB ROM,17.02 cm (6.7 inch) Full HD+ Display,50MP + 8MP + 2MP | 16MP Front Camera,5000 mAh Lithium Ion Battery,Mediatek Dimensity 8100 Processor
